CWE,TP,FP,FN,Precision,Recall
CWE-787,593,2219,389,0.2108819345661451,0.6038696537678208
CWE-125,511,2045,198,0.19992175273865415,0.7207334273624824
CWE-416,299,1753,273,0.14571150097465888,0.5227272727272727
CWE-20,284,1689,288,0.1439432336543335,0.4965034965034965
CWE-200,211,1906,109,0.09966934341048654,0.659375
CWE-119,433,2595,188,0.142998678996037,0.6972624798711755
CWE-476,243,2072,214,0.10496760259179265,0.5317286652078774
CWE-190,144,1499,140,0.08764455264759587,0.5070422535211268
CWE-400,168,1959,70,0.07898448519040903,0.7058823529411765
