CWE,TP,FP,FN,Precision,Recall
CWE-787,935,4116,47,0.1851118590378143,0.9521384928716904
CWE-125,675,4289,34,0.13597904915390813,0.9520451339915373
CWE-416,7,49,565,0.125,0.012237762237762238
CWE-20,57,209,515,0.21428571428571427,0.09965034965034965
CWE-200,88,933,232,0.08619000979431929,0.275
CWE-119,613,4550,8,0.11872942087933372,0.9871175523349437
CWE-476,109,1009,348,0.09749552772808587,0.23851203501094093
CWE-190,133,1750,151,0.07063197026022305,0.46830985915492956
CWE-400,91,688,147,0.11681643132220795,0.38235294117647056
