CWE,TP,FP,FN,Precision,Recall
CWE-787,972,4265,10,0.18560244414741264,0.9898167006109979
CWE-125,707,4689,2,0.1310229799851742,0.997179125528914
CWE-416,16,166,556,0.08791208791208792,0.027972027972027972
CWE-20,9,24,563,0.2727272727272727,0.015734265734265736
CWE-200,3,9,317,0.25,0.009375
CWE-119,603,4538,18,0.11729235557284574,0.9710144927536232
CWE-476,186,1679,271,0.0997319034852547,0.40700218818380746
CWE-190,161,2351,123,0.06409235668789809,0.5669014084507042
CWE-400,150,2089,88,0.06699419383653417,0.6302521008403361
