CWE,TP,FP,FN,Precision,Recall
CWE-787,905,3834,77,0.1909685587676725,0.9215885947046843
CWE-125,340,1156,369,0.22727272727272727,0.4795486600846262
CWE-416,248,1468,324,0.1445221445221445,0.43356643356643354
CWE-20,259,1638,313,0.13653136531365315,0.4527972027972028
CWE-200,139,1459,181,0.0869837296620776,0.434375
CWE-119,332,1967,289,0.14441061331013483,0.534621578099839
CWE-476,372,3762,85,0.0899854862119013,0.8140043763676149
CWE-190,112,1279,172,0.08051761322789361,0.39436619718309857
CWE-400,28,99,210,0.2204724409448819,0.11764705882352941
