roc_auc,accuracy,precision,recall,f1_score,fbeta_score,binary_accuracy,any_label_true
0.7143831834459771,0.07032210474551266,0.20786755878609336,0.47772021680992793,0.28217301574753284,0.3305642776464042,0.7691172854684042,0.41492500614703715
