Accuracy,Precision,Recall,F1-Score,Tool
0.26190871369294605,0.8162162162162162,0.06451612903225806,0.11958028113244902,Corgea
0.2262240663900415,0.6938775510204082,0.007263405255287332,0.01437632135306554,Aikido
0.22439834024896266,0.6538461538461539,0.003631702627643666,0.007223284469938389,Semgrep
0.7515352697095435,0.785202436402723,0.9363383892330699,0.8541362174802689,GNN Model
